cds100,1
cds101,2
cds102,2
cds103,1
cds104,0
cds105,0
cds106,0
cds107,0
cds108,1
cds109,0
cds10,3
cds110,2
cds111,9
cds112,5
cds113,3
cds114,2
cds115,1
cds116,3
cds117,2
cds118,1
cds119,2
cds11,0
cds120,0
cds121,0
cds122,6
cds123,14
cds124,1
cds125,1
cds126,1
cds127,3
cds128,0
cds129,3
cds12,0
cds130,0
cds131,0
cds132,1
cds133,0
cds134,1
cds135,5
cds136,1
cds137,3
cds138,3
cds139,0
cds13,0
cds140,0
cds141,0
cds142,0
cds143,1
cds144,6
cds14,0
cds15,0
cds16,1
cds17,5
cds18,2
cds19,0
cds1,0
cds20,0
cds21,9
cds22,6
cds23,3
cds24,16
cds25,1
cds26,5
cds27,0
cds28,2
cds29,54
cds2,2
cds30,0
cds31,0
cds32,0
cds33,2
cds34,0
cds35,1
cds36,0
cds37,3
cds38,1
cds39,3
cds3,1
cds40,0
cds41,1
cds42,1
cds43,6
cds44,3
cds45,1
cds46,0
cds47,0
cds48,1
cds49,2
cds4,4
cds50,2
cds51,2
cds52,0
cds53,0
cds54,0
cds55,2
cds56,2
cds57,29
cds58,5
cds59,0
cds5,30
cds60,0
cds61,5
cds62,0
cds63,0
cds64,8
cds65,0
cds66,0
cds67,1
cds68,6
cds69,3
cds6,0
cds70,1
cds71,1
cds72,0
cds73,1
cds74,0
cds75,2
cds76,3
cds77,0
cds78,8
cds79,7
cds7,24
cds80,0
cds81,0
cds82,3
cds83,2
cds84,0
cds85,3
cds86,3
cds87,1
cds88,0
cds89,0
cds8,3
cds90,2
cds91,4
cds92,5
cds93,0
cds94,0
cds95,1
cds96,1
cds97,1
cds98,1
cds99,10
cds9,1
