type,position,length
LUMPY_deletion,1930,-27
LUMPY_deletion,2566,-27
LUMPY_deletion,9562,-309
LUMPY_deletion,12609,-306
LUMPY_deletion,21509,-249
LUMPY_deletion,24773,-23
LUMPY_deletion,24402,-1689
LUMPY_deletion,21336,-4755
LUMPY_deletion,33639,-455
LUMPY_deletion,6506,-36496
LUMPY_deletion,42361,-39
LUMPY_deletion,39098,-11012
LUMPY_deletion,50111,-62
LUMPY_deletion,39176,-10934
LUMPY_deletion,53513,-513
LUMPY_deletion,13603,-54035
LUMPY_deletion,69495,-30
LUMPY_deletion,73122,-391
LUMPY_deletion,84447,-40
LUMPY_deletion,88203,-26
LUMPY_deletion,94567,-225
LUMPY_deletion,105780,-29
LUMPY_deletion,112026,-498
LUMPY_deletion,116262,-74
LUMPY_deletion,116290,-121
LUMPY_deletion,116291,-141
LUMPY_deletion,116312,-181
LUMPY_deletion,116686,-79
LUMPY_deletion,119271,-28
LUMPY_deletion,129294,-30
LUMPY_deletion,131575,-29
