gene,missense_iSNV
cds1,1
cds2,1
cds3,3
cds4,0
cds5,0
cds6,0
cds7,0
cds8,1
cds9,1
cds10,1
cds11,0
cds12,1
cds13,0
cds14,1
cds15,0
cds16,1
cds17,2
cds18,1
cds19,1
cds20,0
cds21,5
cds22,1
cds23,6
cds24,2
cds25,0
cds26,4
cds27,0
cds28,0
cds29,9
cds30,0
cds31,0
cds32,0
cds33,3
cds34,0
cds35,1
cds36,0
cds37,4
cds38,1
cds39,0
cds40,1
cds41,1
cds42,1
cds43,2
cds44,2
cds45,4
cds46,0
cds47,1
cds48,0
cds49,1
cds50,0
cds51,1
cds52,0
cds53,0
cds54,0
cds55,1
cds56,0
cds57,9
cds58,1
cds59,0
cds60,0
cds61,5
cds62,1
cds63,0
cds64,6
cds65,0
cds66,0
cds67,1
cds68,5
cds69,0
cds70,0
cds71,0
cds72,2
cds73,0
cds74,1
cds75,1
cds76,1
cds77,0
cds78,1
cds79,3
cds80,0
cds81,0
cds82,3
cds83,0
cds84,0
cds85,3
cds86,2
cds87,0
cds88,0
cds89,0
cds90,2
cds91,1
cds92,2
cds93,0
cds94,0
cds95,0
cds96,0
cds97,1
cds98,1
cds99,4
cds100,0
cds101,1
cds102,1
cds103,0
cds104,0
cds105,2
cds106,0
cds107,0
cds108,1
cds109,0
cds110,1
cds111,6
cds112,1
cds113,1
cds114,1
cds115,0
cds116,6
cds117,4
cds118,1
cds119,2
cds120,0
cds121,0
cds122,2
cds123,3
cds124,0
cds125,1
cds126,1
cds127,2
cds128,0
cds129,5
cds130,0
cds131,0
cds132,1
cds133,0
cds134,2
cds135,6
cds136,1
cds137,3
cds138,1
cds139,0
cds140,0
cds141,0
cds142,0
cds143,2
cds144,4
